ticker_search,ticker
ARE,ARE.TO
AEM,AEM.TO
AC,AC.TO
AGI,AGI.TO
AQN,AQN.TO
ATD,ATD.TO
AP-UN,AP-UN.TO
ALA,ALA.TO
AIF,AIF.TO
ARX,ARX.TO
ATZ,ATZ.TO
AX-UN,AX-UN.TO
ACO-X,ACO-X.TO
ATA,ATA.TO
AUP,AUP.TO
ACB,ACB.TO
BTO,BTO.TO
BDGI,BDGI.TO
BLDP,BLDP.TO
BMO,BMO.TO
BNS,BNS.TO
ABX,ABX.TO
BHC,BHC.TO
BCE,BCE.TO
BIR,BIR.TO
BB,BB.TO
BEI-UN,BEI-UN.TO
BBD-B,BBD-B.TO
BLX,BLX.TO
BYD,BYD.TO
BAM-A,BAM-A.TO
BBU-UN,BBU-UN.TO
BIP-UN,BIP-UN.TO
BPY-UN,BPY-UN.TO
BEP-UN,BEP-UN.TO
DOO,DOO.TO
CAE,CAE.TO
CCO,CCO.TO
CF,CF.TO
GOOS,GOOS.TO
CAR-UN,CAR-UN.TO
CM,CM.TO
CNR,CNR.TO
CNQ,CNQ.TO
CP,CP.TO
CTC-A,CTC-A.TO
CU,CU.TO
CWB,CWB.TO
CFP,CFP.TO
WEED,WEED.TO
CPX,CPX.TO
CS,CS.TO
CJT,CJT.TO
CAS,CAS.TO
CCL-B,CCL-B.TO
CLS,CLS.TO
CVE,CVE.TO
CG,CG.TO
GIB-A,GIB-A.TO
CSH-UN,CSH-UN.TO
CHP-UN,CHP-UN.TO
CIX,CIX.TO
CCA,CCA.TO
CIGI,CIGI.TO
CUF-UN,CUF-UN.TO
CSU,CSU.TO
CTS,CTS.TO
CJR-B,CJR-B.TO
CPG,CPG.TO
CRR-UN,CRR-UN.TO
CRON,CRON.TO
CRT-UN,CRT-UN.TO
DML,DML.TO
DSG,DSG.TO
DCBO,DCBO.TO
DOL,DOL.TO
DIR-UN,DIR-UN.TO
D-UN,D-UN.TO
DPM,DPM.TO
DND,DND.TO
ECN,ECN.TO
ELD,ELD.TO
EFN,EFN.TO
EMA,EMA.TO
EMP-A,EMP-A.TO
ENB,ENB.TO
EDR,EDR.TO
ERF,ERF.TO
ENGH,ENGH.TO
EQX,EQX.TO
EQB,EQB.TO
ERO,ERO.TO
EIF,EIF.TO
FFH,FFH.TO
FTT,FTT.TO
FCR-UN,FCR-UN.TO
FR,FR.TO
FM,FM.TO
FSV,FSV.TO
FTS,FTS.TO
FVI,FVI.TO
FNV,FNV.TO
WN,WN.TO
GFL,GFL.TO
GEI,GEI.TO
GIL,GIL.TO
GSY,GSY.TO
GRT-UN,GRT-UN.TO
GWO,GWO.TO
HR-UN,HR-UN.TO
HCG,HCG.TO
HBM,HBM.TO
H,H.TO
IAG,IAG.TO
IMG,IMG.TO
IGM,IGM.TO
IMO,IMO.TO
INE,INE.TO
IFC,IFC.TO
IPL,IPL.TO
IFP,IFP.TO
IIP-UN,IIP-UN.TO
ITP,ITP.TO
IVN,IVN.TO
JWEL,JWEL.TO
KNT,KNT.TO
KEY,KEY.TO
KMP-UN,KMP-UN.TO
KXS,KXS.TO
K,K.TO
KL,KL.TO
LIF,LIF.TO
LB,LB.TO
LWRK,LWRK.TO
LSPD,LSPD.TO
LNR,LNR.TO
LAC,LAC.TO
L,L.TO
LUN,LUN.TO
MAG,MAG.TO
MG,MG.TO
MFC,MFC.TO
MFI,MFI.TO
MRE,MRE.TO
MEG,MEG.TO
MX,MX.TO
MRU,MRU.TO
MTY,MTY.TO
MTL,MTL.TO
NXE,NXE.TO
NFI,NFI.TO
NPI,NPI.TO
NWH-UN,NWH-UN.TO
NG,NG.TO
NTR,NTR.TO
NVEI,NVEI.TO
OGC,OGC.TO
ONEX,ONEX.TO
OTEX,OTEX.TO
OGI,OGI.TO
OR,OR.TO
OSK,OSK.TO
PAAS,PAAS.TO
PXT,PXT.TO
PKI,PKI.TO
PPL,PPL.TO
POW,POW.TO
PSK,PSK.TO
PBH,PBH.TO
PVG,PVG.TO
PRMW,PRMW.TO
QBR-B,QBR-B.TO
REAL,REAL.TO
QSR,QSR.TO
RCH,RCH.TO
REI-UN,REI-UN.TO
RBA,RBA.TO
RCI-B,RCI-B.TO
RY,RY.TO
RUS,RUS.TO
SSL,SSL.TO
SAP,SAP.TO
SEA,SEA.TO
SJR-B,SJR-B.TO
SHOP,SHOP.TO
SIA,SIA.TO
SVM,SVM.TO
SIL,SIL.TO
ZZZ,ZZZ.TO
SRU-UN,SRU-UN.TO
SNC,SNC.TO
TOY,TOY.TO
SII,SII.TO
SSRM,SSRM.TO
STN,STN.TO
STLC,STLC.TO
SJ,SJ.TO
SMU-UN,SMU-UN.TO
SLF,SLF.TO
SU,SU.TO
SOY,SOY.TO
SPB,SPB.TO
TRP,TRP.TO
TECK-B,TECK-B.TO
T,T.TO
TIXT,TIXT.TO
TFII,TFII.TO
NWC,NWC.TO
TRI,TRI.TO
TLRY,TLRY.TO
X,X.TO
TXG,TXG.TO
TIH,TIH.TO
TD,TD.TO
TOU,TOU.TO
TA,TA.TO
RNW,RNW.TO
TCL-A,TCL-A.TO
TCN,TCN.TO
TSU,TSU.TO
TRQ,TRQ.TO
VET,VET.TO
VFF,VFF.TO
WCN,WCN.TO
WELL,WELL.TO
WDO,WDO.TO
WFG,WFG.TO
WPRT,WPRT.TO
WTE,WTE.TO
WPM,WPM.TO
WCP,WCP.TO
WPK,WPK.TO
WIR-UN,WIR-UN.TO
WSP,WSP.TO
YRI,YRI.TO
